gene_name,feature_id,feature_type,gene_length_bp,eligible_candidate_count,screened_candidate_count,screening_fraction,clean_candidate_count,expert_review_candidate_count,failed_or_missing_count,clean_fraction,clean_fraction_wilson_lower_95,candidate_density_per_kb,conserved_candidate_count,conserved_candidate_fraction,exact_all_accepted_genomes_count,best_candidate_id,best_candidate_rank,best_candidate_score,median_top_5_candidate_rank,median_top_10_candidate_rank,worst_top_5_rank,median_human_hit_count,one_mismatch_candidate_count,two_mismatch_candidate_count,three_mismatch_candidate_count,tool_coverage,rank_variance,evidence_coverage,biological_evidence_status,confidence_level,best_candidate_component,top5_robustness_component,clean_fraction_component,human_burden_component,conservation_component,targetability_score,best_single_candidate_rank,top5_robustness_rank,clean_fraction_rank,targetability_rank,targetability_explanation,ranking_provenance
UL3,HHV2p73,gene,742,112,112,1.0,24,88,0,0.21428571428571427,0.1484406835400534,150.9433962264151,112,1.0,112,VST-5e4034e33559c37a,2.0,0.85,24.0,44.0,38.0,2.0,3,14,88,1.0,4710.8099999999995,,biological evidence not supplied,high,0.9871794871794872,0.9871794871794872,0.9487179487179487,0.9871794871794872,0.5,0.8820512820512821,2.0,2.0,5.0,1.0,"Rank-aggregated computational targetability from within-view percentiles; screened=112, eligible=112, confidence=high. Biological evidence is reported separately and is not added to this score.",${REPOSITORY_ROOT}/reports/hsv2_genome_wide_exhaustive/genome_wide_candidates_post_human.csv
UL10,HHV2p66,gene,1426,241,241,1.0,47,194,0,0.1950207468879668,0.1499462795448071,169.00420757363256,241,1.0,241,VST-2b3568cdc187cc3a,14.0,0.84891064729205,103.0,170.0,163.0,3.0,2,63,193,1.0,10644.85,,biological evidence not supplied,high,0.8461538461538461,0.782051282051282,0.9615384615384616,0.9358974358974359,0.5,0.8051282051282052,13.0,18.0,4.0,2.0,"Rank-aggregated computational targetability from within-view percentiles; screened=241, eligible=241, confidence=high. Biological evidence is reported separately and is not added to this score.",${REPOSITORY_ROOT}/reports/hsv2_genome_wide_exhaustive/genome_wide_candidates_post_human.csv
UL52,HHV2p22,gene,4440,618,618,1.0,89,529,0,0.14401294498381878,0.11852881107373653,139.18918918918916,618,1.0,618,VST-0bf1ec26dd4e63a9,4.0,0.84891064729205,21.0,129.5,119.0,4.0,3,136,524,1.0,6024.6,,biological evidence not supplied,high,0.9487179487179487,1.0,0.8333333333333334,0.6987179487179487,0.5,0.7961538461538462,5.0,1.0,14.0,3.0,"Rank-aggregated computational targetability from within-view percentiles; screened=618, eligible=618, confidence=high. Biological evidence is reported separately and is not added to this score.",${REPOSITORY_ROOT}/reports/hsv2_genome_wide_exhaustive/genome_wide_candidates_post_human.csv
UL47,HHV2p28,gene,4412,726,726,1.0,102,624,0,0.14049586776859505,0.11710620468364796,164.55122393472348,726,1.0,726,VST-9cd67af4bd66d50a,3.0,0.85,41.0,58.5,53.0,4.0,9,162,622,1.0,2904.69,,biological evidence not supplied,high,0.967948717948718,0.9102564102564102,0.7948717948717949,0.6987179487179487,0.5,0.7743589743589745,3.0,8.0,17.0,4.0,"Rank-aggregated computational targetability from within-view percentiles; screened=726, eligible=726, confidence=high. Biological evidence is reported separately and is not added to this score.",${REPOSITORY_ROOT}/reports/hsv2_genome_wide_exhaustive/genome_wide_candidates_post_human.csv
UL11,HHV2p62,gene,292,41,41,1.0,14,27,0,0.34146341463414637,0.2155880825738485,140.4109589041096,41,1.0,41,VST-b3c226e1dbf82116,77.0,0.84891064729205,115.0,913.5,869.0,1.0,2,8,27,1.0,343981.44,,biological evidence not supplied,high,0.3782051282051282,0.7371794871794872,1.0,1.0,0.5,0.7230769230769231,48.0,21.0,1.0,5.0,"Rank-aggregated computational targetability from within-view percentiles; screened=41, eligible=41, confidence=high. Biological evidence is reported separately and is not added to this score.",${REPOSITORY_ROOT}/reports/hsv2_genome_wide_exhaustive/genome_wide_candidates_post_human.csv
UL50,HHV2p24,gene,1152,225,225,1.0,37,188,0,0.16444444444444445,0.12172189060376272,195.31250000000003,225,1.0,225,VST-39b8e81a7d803f8e,20.0,0.84891064729205,168.0,222.0,213.0,3.0,3,47,188,1.0,10118.41,,biological evidence not supplied,high,0.7692307692307692,0.5,0.8717948717948718,0.9358974358974359,0.5,0.7153846153846153,19.0,40.0,11.0,6.0,"Rank-aggregated computational targetability from within-view percentiles; screened=225, eligible=225, confidence=high. Biological evidence is reported separately and is not added to this score.",${REPOSITORY_ROOT}/reports/hsv2_genome_wide_exhaustive/genome_wide_candidates_post_human.csv
UL33,HHV2p42,gene,1833,302,302,1.0,51,250,0,0.16887417218543047,0.13084071835487704,164.75722858701582,302,1.0,302,VST-60775d923bdf2965,39.0,0.84891064729205,159.0,254.0,239.0,3.0,2,56,251,1.0,9913.65,,biological evidence not supplied,high,0.6538461538461539,0.5256410256410257,0.9230769230769231,0.9358974358974359,0.5,0.7076923076923076,28.0,38.0,7.0,7.0,"Rank-aggregated computational targetability from within-view percentiles; screened=302, eligible=302, confidence=high. Biological evidence is reported separately and is not added to this score.",${REPOSITORY_ROOT}/reports/hsv2_genome_wide_exhaustive/genome_wide_candidates_post_human.csv
UL30,HHV2p45,gene,3762,598,598,1.0,73,525,0,0.12207357859531773,0.09822028642343533,158.95800106326422,598,1.0,598,VST-240e20eb666f9c85,12.0,0.84891064729205,66.0,119.5,74.0,4.0,6,150,521,1.0,9401.81,,biological evidence not supplied,high,0.8717948717948718,0.8717948717948718,0.5897435897435898,0.6987179487179487,0.5,0.7064102564102563,11.0,11.0,33.0,8.0,"Rank-aggregated computational targetability from within-view percentiles; screened=598, eligible=598, confidence=high. Biological evidence is reported separately and is not added to this score.",${REPOSITORY_ROOT}/reports/hsv2_genome_wide_exhaustive/genome_wide_candidates_post_human.csv
UL46,HHV2p29,gene,2237,345,345,1.0,39,306,0,0.11304347826086956,0.08380426184942608,154.224407688869,345,1.0,345,VST-9cd67af4bd66d50a,3.0,0.85,53.0,171.5,158.0,4.0,5,85,305,1.0,16739.96,,biological evidence not supplied,high,0.967948717948718,0.8846153846153846,0.47435897435897434,0.6987179487179487,0.5,0.7051282051282051,3.0,10.0,42.0,9.0,"Rank-aggregated computational targetability from within-view percentiles; screened=345, eligible=345, confidence=high. Biological evidence is reported separately and is not added to this score.",${REPOSITORY_ROOT}/reports/hsv2_genome_wide_exhaustive/genome_wide_candidates_post_human.csv
UL15,HHV2p61,gene,5861,986,986,1.0,128,856,0,0.12981744421906694,0.11026676470798354,168.2306773588125,986,1.0,986,VST-1a03de7ffb16fbb6,8.0,0.84891064729205,31.0,172.5,156.0,5.0,20,270,854,1.0,10574.01,,biological evidence not supplied,high,0.8846153846153846,0.9358974358974359,0.7435897435897436,0.33333333333333337,0.5,0.6794871794871795,10.0,6.0,21.0,10.0,"Rank-aggregated computational targetability from within-view percentiles; screened=986, eligible=986, confidence=high. Biological evidence is reported separately and is not added to this score.",${REPOSITORY_ROOT}/reports/hsv2_genome_wide_exhaustive/genome_wide_candidates_post_human.csv
UL20,HHV2p57,gene,6504,1096,1096,1.0,138,958,0,0.1259124087591241,0.10756924911821214,168.51168511685117,1096,1.0,1096,VST-2ef5158024ade344,16.0,0.84891064729205,51.0,77.0,76.0,4.5,25,307,955,1.0,4626.610000000001,,biological evidence not supplied,high,0.8012820512820513,0.8974358974358975,0.6923076923076923,0.4935897435897436,0.5,0.676923076923077,16.0,9.0,25.0,11.0,"Rank-aggregated computational targetability from within-view percentiles; screened=1096, eligible=1096, confidence=high. Biological evidence is reported separately and is not added to this score.",${REPOSITORY_ROOT}/reports/hsv2_genome_wide_exhaustive/genome_wide_candidates_post_human.csv
UL18,HHV2p58,gene,1023,187,187,1.0,29,158,0,0.15508021390374332,0.11019917850731954,182.7956989247312,187,1.0,187,VST-7ca830d5c47bd4fc,51.0,0.84891064729205,92.0,336.0,332.0,4.0,4,43,157,1.0,49489.409999999996,,biological evidence not supplied,high,0.6025641025641026,0.8205128205128205,0.7307692307692308,0.6987179487179487,0.5,0.6705128205128206,32.0,15.0,22.0,12.0,"Rank-aggregated computational targetability from within-view percentiles; screened=187, eligible=187, confidence=high. Biological evidence is reported separately and is not added to this score.",${REPOSITORY_ROOT}/reports/hsv2_genome_wide_exhaustive/genome_wide_candidates_post_human.csv
US8,HHV2p07,gene,2343,408,408,1.0,70,338,0,0.1715686274509804,0.1380926278339657,174.1357234314981,408,1.0,408,VST-987130218dfffaa4,61.0,0.84891064729205,193.0,301.0,284.0,3.0,4,93,336,1.0,24692.21,,biological evidence not supplied,high,0.5128205128205128,0.46153846153846156,0.9358974358974359,0.9358974358974359,0.5,0.6692307692307692,38.0,43.0,6.0,13.0,"Rank-aggregated computational targetability from within-view percentiles; screened=408, eligible=408, confidence=high. Biological evidence is reported separately and is not added to this score.",${REPOSITORY_ROOT}/reports/hsv2_genome_wide_exhaustive/genome_wide_candidates_post_human.csv
UL9,HHV2p68,gene,4938,738,738,1.0,94,643,0,0.12737127371273713,0.10523266823288466,149.453219927096,738,1.0,738,VST-2c252939df26b41d,15.0,0.84891064729205,26.0,94.5,93.0,5.0,13,210,642,1.0,4569.44,,biological evidence not supplied,high,0.8269230769230769,0.9743589743589743,0.6538461538461539,0.33333333333333337,0.5,0.6576923076923077,14.0,3.0,28.0,14.0,"Rank-aggregated computational targetability from within-view percentiles; screened=738, eligible=738, confidence=high. Biological evidence is reported separately and is not added to this score.",${REPOSITORY_ROOT}/reports/hsv2_genome_wide_exhaustive/genome_wide_candidates_post_human.csv
UL25,HHV2p51,gene,3962,671,671,1.0,100,571,0,0.14903129657228018,0.12408651365107796,169.35890964159515,671,1.0,671,VST-9b2fe3f28849fe07,63.0,0.84891064729205,125.0,199.0,176.0,4.0,15,161,570,1.0,11751.289999999999,,biological evidence not supplied,high,0.4551282051282052,0.6730769230769231,0.8974358974358975,0.6987179487179487,0.5,0.6448717948717949,42.0,26.0,9.0,15.0,"Rank-aggregated computational targetability from within-view percentiles; screened=671, eligible=671, confidence=high. Biological evidence is reported separately and is not added to this score.",${REPOSITORY_ROOT}/reports/hsv2_genome_wide_exhaustive/genome_wide_candidates_post_human.csv
UL6,HHV2p70,gene,2916,510,510,1.0,76,434,0,0.14901960784313725,0.12074154567041648,174.89711934156378,510,1.0,510,VST-9033bd512722ae70,60.0,0.84891064729205,151.0,239.0,220.0,4.0,4,119,431,1.0,5684.49,,biological evidence not supplied,high,0.5448717948717949,0.5897435897435898,0.858974358974359,0.6987179487179487,0.5,0.6384615384615385,36.0,33.0,12.0,16.0,"Rank-aggregated computational targetability from within-view percentiles; screened=510, eligible=510, confidence=high. Biological evidence is reported separately and is not added to this score.",${REPOSITORY_ROOT}/reports/hsv2_genome_wide_exhaustive/genome_wide_candidates_post_human.csv
UL53,HHV2p21,gene,1288,147,147,1.0,26,121,0,0.17687074829931973,0.1236557603722161,114.13043478260869,147,1.0,147,VST-3a05e8146637b989,21.0,0.84891064729205,119.0,217.5,192.0,5.0,2,32,118,1.0,14060.85,,biological evidence not supplied,high,0.7564102564102564,0.7051282051282051,0.8846153846153846,0.33333333333333337,0.5,0.6358974358974359,20.0,24.0,10.0,17.0,"Rank-aggregated computational targetability from within-view percentiles; screened=147, eligible=147, confidence=high. Biological evidence is reported separately and is not added to this score.",${REPOSITORY_ROOT}/reports/hsv2_genome_wide_exhaustive/genome_wide_candidates_post_human.csv
UL24,HHV2p52,gene,5095,842,842,1.0,118,723,0,0.14014251781472684,0.11832596646104862,165.26005888125613,842,1.0,842,VST-9b2fe3f28849fe07,63.0,0.84891064729205,125.0,199.0,176.0,4.0,20,209,722,1.0,11751.289999999999,,biological evidence not supplied,high,0.4551282051282052,0.6730769230769231,0.8205128205128205,0.6987179487179487,0.5,0.6294871794871795,42.0,26.0,15.0,18.0,"Rank-aggregated computational targetability from within-view percentiles; screened=842, eligible=842, confidence=high. Biological evidence is reported separately and is not added to this score.",${REPOSITORY_ROOT}/reports/hsv2_genome_wide_exhaustive/genome_wide_candidates_post_human.csv
UL41,HHV2p34,gene,1548,244,244,1.0,36,208,0,0.14754098360655737,0.10851490473726083,157.62273901808786,244,1.0,244,VST-a72dcc46e168081b,71.0,0.84891064729205,80.0,137.0,135.0,4.0,1,57,208,1.0,6879.889999999999,,biological evidence not supplied,high,0.41025641025641024,0.8333333333333334,0.7051282051282051,0.6987179487179487,0.5,0.6294871794871795,47.0,14.0,24.0,18.0,"Rank-aggregated computational targetability from within-view percentiles; screened=244, eligible=244, confidence=high. Biological evidence is reported separately and is not added to this score.",${REPOSITORY_ROOT}/reports/hsv2_genome_wide_exhaustive/genome_wide_candidates_post_human.csv
UL19,HHV2p56,gene,5524,937,937,1.0,110,827,0,0.11739594450373532,0.09833053338237766,169.62346125995654,937,1.0,937,VST-2ef5158024ade344,16.0,0.84891064729205,72.0,138.0,92.0,5.0,24,269,824,1.0,10645.41,,biological evidence not supplied,high,0.8012820512820513,0.8461538461538461,0.6025641025641026,0.33333333333333337,0.5,0.6166666666666667,16.0,13.0,32.0,20.0,"Rank-aggregated computational targetability from within-view percentiles; screened=937, eligible=937, confidence=high. Biological evidence is reported separately and is not added to this score.",${REPOSITORY_ROOT}/reports/hsv2_genome_wide_exhaustive/genome_wide_candidates_post_human.csv
UL36,HHV2p39,gene,9432,1642,1642,1.0,159,1483,0,0.09683313032886723,0.08345588520331576,174.08821034775232,1642,1.0,1642,VST-2e9f052157f9bf29,1.0,0.85,29.0,51.5,46.0,6.0,30,490,1481,1.0,1920.56,,biological evidence not supplied,high,1.0,0.9487179487179487,0.46153846153846156,0.11538461538461542,0.5,0.6051282051282051,1.0,5.0,43.0,21.0,"Rank-aggregated computational targetability from within-view percentiles; screened=1642, eligible=1642, confidence=high. Biological evidence is reported separately and is not added to this score.",${REPOSITORY_ROOT}/reports/hsv2_genome_wide_exhaustive/genome_wide_candidates_post_human.csv
UL4,HHV2p71,gene,692,111,111,1.0,19,92,0,0.17117117117117117,0.11240946764147157,160.40462427745666,111,1.0,111,VST-0f67f9aa2e71fd93,7.0,0.84891064729205,827.0,899.0,891.0,4.0,2,25,91,1.0,91707.95999999999,,biological evidence not supplied,high,0.9038461538461539,0.11538461538461542,0.7692307692307692,0.6987179487179487,0.5,0.5974358974358974,8.0,70.0,19.0,22.0,"Rank-aggregated computational targetability from within-view percentiles; screened=111, eligible=111, confidence=high. Biological evidence is reported separately and is not added to this score.",${REPOSITORY_ROOT}/reports/hsv2_genome_wide_exhaustive/genome_wide_candidates_post_human.csv
UL22,HHV2p54,gene,2518,455,455,1.0,55,400,0,0.12087912087912088,0.09405725873083996,180.69896743447183,455,1.0,455,VST-836b8f22d99f2c57,54.0,0.84891064729205,136.0,246.5,171.0,4.0,8,97,399,1.0,21198.760000000002,,biological evidence not supplied,high,0.5769230769230769,0.6282051282051282,0.5512820512820513,0.6987179487179487,0.5,0.591025641025641,34.0,30.0,36.0,23.0,"Rank-aggregated computational targetability from within-view percentiles; screened=455, eligible=455, confidence=high. Biological evidence is reported separately and is not added to this score.",${REPOSITORY_ROOT}/reports/hsv2_genome_wide_exhaustive/genome_wide_candidates_post_human.csv
UL29,HHV2p46,gene,3643,625,625,1.0,78,547,0,0.1248,0.10115969343092387,171.56189953335164,625,1.0,625,VST-52a09045c26473d1,30.0,0.84891064729205,104.0,150.5,132.0,5.0,16,152,545,1.0,4921.01,,biological evidence not supplied,high,0.717948717948718,0.7692307692307692,0.6282051282051282,0.33333333333333337,0.5,0.5897435897435898,23.0,19.0,30.0,24.0,"Rank-aggregated computational targetability from within-view percentiles; screened=625, eligible=625, confidence=high. Biological evidence is reported separately and is not added to this score.",${REPOSITORY_ROOT}/reports/hsv2_genome_wide_exhaustive/genome_wide_candidates_post_human.csv
UL26,HHV2p50,gene,1971,336,336,1.0,49,287,0,0.14583333333333334,0.11209972342389625,170.4718417047184,336,1.0,336,VST-9b2fe3f28849fe07,63.0,0.84891064729205,175.0,468.0,464.0,4.0,5,75,287,1.0,52800.64,,biological evidence not supplied,high,0.4551282051282052,0.4871794871794872,0.7564102564102564,0.6987179487179487,0.5,0.5794871794871795,42.0,41.0,20.0,25.0,"Rank-aggregated computational targetability from within-view percentiles; screened=336, eligible=336, confidence=high. Biological evidence is reported separately and is not added to this score.",${REPOSITORY_ROOT}/reports/hsv2_genome_wide_exhaustive/genome_wide_candidates_post_human.csv
US9,HHV2p05,gene,317,53,53,1.0,10,43,0,0.18867924528301888,0.1058532510768591,167.19242902208202,53,1.0,53,VST-987130218dfffaa4,61.0,0.84891064729205,318.0,877.0,757.0,3.0,1,12,42,1.0,562426.41,,biological evidence not supplied,high,0.5128205128205128,0.28205128205128205,0.6666666666666667,0.9358974358974359,0.5,0.5794871794871795,38.0,57.0,27.0,25.0,"Rank-aggregated computational targetability from within-view percentiles; screened=53, eligible=53, confidence=high. Biological evidence is reported separately and is not added to this score.",${REPOSITORY_ROOT}/reports/hsv2_genome_wide_exhaustive/genome_wide_candidates_post_human.csv
UL12,HHV2p63,gene,2070,377,377,1.0,47,329,0,0.1246684350132626,0.09506174952898261,182.1256038647343,377,1.0,377,VST-b3c226e1dbf82116,77.0,0.84891064729205,115.0,291.5,233.0,4.0,7,89,328,1.0,41943.29,,biological evidence not supplied,high,0.3782051282051282,0.7371794871794872,0.5641025641025641,0.6987179487179487,0.5,0.5756410256410256,48.0,21.0,35.0,27.0,"Rank-aggregated computational targetability from within-view percentiles; screened=377, eligible=377, confidence=high. Biological evidence is reported separately and is not added to this score.",${REPOSITORY_ROOT}/reports/hsv2_genome_wide_exhaustive/genome_wide_candidates_post_human.csv
US6,HHV2p09,gene,2573,478,478,1.0,48,430,0,0.100418410041841,0.07657931905347534,185.77535950252624,478,1.0,478,VST-3d1ca7c710ae6e86,23.0,0.84891064729205,155.0,202.5,202.0,4.0,5,103,429,1.0,18528.690000000002,,biological evidence not supplied,high,0.7371794871794872,0.5641025641025641,0.3717948717948718,0.6987179487179487,0.5,0.5743589743589743,21.0,35.0,50.0,28.0,"Rank-aggregated computational targetability from within-view percentiles; screened=478, eligible=478, confidence=high. Biological evidence is reported separately and is not added to this score.",${REPOSITORY_ROOT}/reports/hsv2_genome_wide_exhaustive/genome_wide_candidates_post_human.csv
UL49A,HHV2p26,gene,1539,200,200,1.0,43,157,0,0.215,0.1637187625450758,129.95451591942822,200,1.0,200,VST-3c43f917dee00628,168.0,0.846915388633402,190.0,228.0,225.0,4.0,2,46,154,1.0,33759.490000000005,,biological evidence not supplied,high,0.17948717948717952,0.47435897435897434,0.9743589743589743,0.6987179487179487,0.5,0.5653846153846154,65.0,42.0,3.0,29.0,"Rank-aggregated computational targetability from within-view percentiles; screened=200, eligible=200, confidence=high. Biological evidence is reported separately and is not added to this score.",${REPOSITORY_ROOT}/reports/hsv2_genome_wide_exhaustive/genome_wide_candidates_post_human.csv
UL42,HHV2p33,gene,1487,227,227,1.0,18,209,0,0.07929515418502203,0.05074423270580169,152.6563550773369,227,1.0,227,VST-0f42c4959c6946ee,6.0,0.84891064729205,27.0,397.5,287.0,5.0,1,54,209,1.0,169534.65,,biological evidence not supplied,high,0.9230769230769231,0.9615384615384616,0.0641025641025641,0.33333333333333337,0.5,0.5564102564102564,7.0,4.0,74.0,30.0,"Rank-aggregated computational targetability from within-view percentiles; screened=227, eligible=227, confidence=high. Biological evidence is reported separately and is not added to this score.",${REPOSITORY_ROOT}/reports/hsv2_genome_wide_exhaustive/genome_wide_candidates_post_human.csv
UL44,HHV2p31,gene,2322,443,443,1.0,69,374,0,0.15575620767494355,0.12496330610193249,190.78380706287683,443,1.0,443,VST-a7a1eb35bf0e0f4b,124.0,0.8478212945841,201.0,259.0,218.0,4.0,7,98,373,1.0,11484.560000000001,,biological evidence not supplied,high,0.23717948717948723,0.4358974358974359,0.9102564102564102,0.6987179487179487,0.5,0.5564102564102564,60.0,45.0,8.0,30.0,"Rank-aggregated computational targetability from within-view percentiles; screened=443, eligible=443, confidence=high. Biological evidence is reported separately and is not added to this score.",${REPOSITORY_ROOT}/reports/hsv2_genome_wide_exhaustive/genome_wide_candidates_post_human.csv
US2,HHV2p13,gene,896,176,176,1.0,21,155,0,0.11931818181818182,0.0793800585193726,196.42857142857142,176,1.0,176,VST-0df2b61a3df2b6ad,5.0,0.84891064729205,141.0,486.0,461.0,5.0,3,53,154,1.0,93197.48999999999,,biological evidence not supplied,high,0.9358974358974359,0.6153846153846154,0.3846153846153846,0.33333333333333337,0.5,0.5538461538461539,6.0,31.0,49.0,32.0,"Rank-aggregated computational targetability from within-view percentiles; screened=176, eligible=176, confidence=high. Biological evidence is reported separately and is not added to this score.",${REPOSITORY_ROOT}/reports/hsv2_genome_wide_exhaustive/genome_wide_candidates_post_human.csv
UL27,HHV2p48,gene,2751,416,416,1.0,39,377,0,0.09375,0.06933898069343022,151.21773900399856,416,1.0,416,VST-72c344f5ebab072c,45.0,0.84891064729205,134.0,316.0,237.0,4.0,8,106,372,1.0,25541.640000000007,,biological evidence not supplied,high,0.6282051282051282,0.641025641025641,0.28205128205128205,0.6987179487179487,0.5,0.55,30.0,29.0,57.0,33.0,"Rank-aggregated computational targetability from within-view percentiles; screened=416, eligible=416, confidence=high. Biological evidence is reported separately and is not added to this score.",${REPOSITORY_ROOT}/reports/hsv2_genome_wide_exhaustive/genome_wide_candidates_post_human.csv
UL49,HHV2p25,gene,937,110,110,1.0,28,82,0,0.2545454545454545,0.182381907512531,117.39594450373532,110,1.0,110,VST-d73334a877b40022,225.0,0.846915388633402,536.0,883.5,789.0,3.0,1,25,81,1.0,130951.81000000001,,biological evidence not supplied,high,0.16666666666666663,0.15384615384615385,0.9871794871794872,0.9358974358974359,0.5,0.5487179487179488,66.0,67.0,2.0,34.0,"Rank-aggregated computational targetability from within-view percentiles; screened=110, eligible=110, confidence=high. Biological evidence is reported separately and is not added to this score.",${REPOSITORY_ROOT}/reports/hsv2_genome_wide_exhaustive/genome_wide_candidates_post_human.csv
UL5,HHV2p72,gene,3404,512,512,1.0,47,465,0,0.091796875,0.06973502506867789,150.41128084606345,512,1.0,512,VST-0f67f9aa2e71fd93,7.0,0.84891064729205,34.0,64.0,58.0,6.0,8,146,461,1.0,8324.45,,biological evidence not supplied,high,0.9038461538461539,0.9230769230769231,0.2948717948717948,0.11538461538461542,0.5,0.5474358974358975,8.0,7.0,56.0,35.0,"Rank-aggregated computational targetability from within-view percentiles; screened=512, eligible=512, confidence=high. Biological evidence is reported separately and is not added to this score.",${REPOSITORY_ROOT}/reports/hsv2_genome_wide_exhaustive/genome_wide_candidates_post_human.csv
US3,HHV2p12,gene,3731,644,644,1.0,62,582,0,0.09627329192546584,0.07582787242421452,172.6078799249531,644,1.0,644,VST-597a5cd0a9e8ee69,33.0,0.84891064729205,69.0,101.5,91.0,5.0,7,179,579,1.0,18630.01,,biological evidence not supplied,high,0.6858974358974359,0.858974358974359,0.3589743589743589,0.33333333333333337,0.5,0.5474358974358975,25.0,12.0,51.0,35.0,"Rank-aggregated computational targetability from within-view percentiles; screened=644, eligible=644, confidence=high. Biological evidence is reported separately and is not added to this score.",${REPOSITORY_ROOT}/reports/hsv2_genome_wide_exhaustive/genome_wide_candidates_post_human.csv
UL34,HHV2p41,gene,1351,227,227,1.0,35,192,0,0.15418502202643172,0.11300025434034024,168.02368615840118,227,1.0,227,VST-1aa0d67c1728df8f,153.0,0.846915388633402,164.0,289.5,269.0,4.0,2,43,192,1.0,14618.4,,biological evidence not supplied,high,0.1923076923076923,0.5128205128205128,0.782051282051282,0.6987179487179487,0.5,0.5371794871794873,64.0,39.0,18.0,37.0,"Rank-aggregated computational targetability from within-view percentiles; screened=227, eligible=227, confidence=high. Biological evidence is reported separately and is not added to this score.",${REPOSITORY_ROOT}/reports/hsv2_genome_wide_exhaustive/genome_wide_candidates_post_human.csv
UL21,HHV2p55,gene,1613,288,288,1.0,39,249,0,0.13541666666666666,0.10066665087285458,178.54928704277742,288,1.0,288,VST-9915a2db480e34fd,62.0,0.84891064729205,152.0,248.5,204.0,4.5,5,83,246,1.0,31223.289999999997,,biological evidence not supplied,high,0.4871794871794872,0.5769230769230769,0.6153846153846154,0.4935897435897436,0.5,0.5346153846153847,41.0,34.0,31.0,38.0,"Rank-aggregated computational targetability from within-view percentiles; screened=288, eligible=288, confidence=high. Biological evidence is reported separately and is not added to this score.",${REPOSITORY_ROOT}/reports/hsv2_genome_wide_exhaustive/genome_wide_candidates_post_human.csv
UL48,HHV2p27,gene,1565,262,262,1.0,32,230,0,0.12213740458015267,0.08785893547516481,167.4121405750799,262,1.0,262,VST-9e78c30122a798a2,67.0,0.84891064729205,157.0,284.5,283.0,4.0,2,60,229,1.0,13376.439999999999,,biological evidence not supplied,high,0.42307692307692313,0.5384615384615384,0.4871794871794872,0.6987179487179487,0.5,0.5294871794871796,46.0,37.0,41.0,39.0,"Rank-aggregated computational targetability from within-view percentiles; screened=262, eligible=262, confidence=high. Biological evidence is reported separately and is not added to this score.",${REPOSITORY_ROOT}/reports/hsv2_genome_wide_exhaustive/genome_wide_candidates_post_human.csv
US5,HHV2p10,gene,3298,593,593,1.0,60,533,0,0.10118043844856661,0.0794178262710938,179.805942995755,593,1.0,593,VST-3d1ca7c710ae6e86,23.0,0.84891064729205,129.0,194.0,186.0,5.0,8,142,532,1.0,8023.65,,biological evidence not supplied,high,0.7371794871794872,0.6538461538461539,0.39743589743589747,0.33333333333333337,0.5,0.5243589743589744,21.0,28.0,48.0,40.0,"Rank-aggregated computational targetability from within-view percentiles; screened=593, eligible=593, confidence=high. Biological evidence is reported separately and is not added to this score.",${REPOSITORY_ROOT}/reports/hsv2_genome_wide_exhaustive/genome_wide_candidates_post_human.csv
UL39,HHV2p36,gene,4535,692,692,1.0,76,616,0,0.10982658959537572,0.08864907598591928,152.5909592061742,692,1.0,692,VST-6eb43191a8550e77,44.0,0.84891064729205,150.0,211.0,199.0,5.0,7,206,610,1.0,9568.4,,biological evidence not supplied,high,0.641025641025641,0.6025641025641026,0.5128205128205128,0.33333333333333337,0.5,0.517948717948718,29.0,32.0,39.0,41.0,"Rank-aggregated computational targetability from within-view percentiles; screened=692, eligible=692, confidence=high. Biological evidence is reported separately and is not added to this score.",${REPOSITORY_ROOT}/reports/hsv2_genome_wide_exhaustive/genome_wide_candidates_post_human.csv
UL14,HHV2p65,gene,4080,699,699,1.0,80,618,0,0.11444921316165951,0.09292634220173382,171.3235294117647,699,1.0,699,VST-b3c226e1dbf82116,77.0,0.84891064729205,94.0,108.0,101.0,5.0,10,168,615,1.0,3767.16,,biological evidence not supplied,high,0.3782051282051282,0.8012820512820513,0.5384615384615384,0.33333333333333337,0.5,0.5102564102564103,48.0,16.0,37.0,42.0,"Rank-aggregated computational targetability from within-view percentiles; screened=699, eligible=699, confidence=high. Biological evidence is reported separately and is not added to this score.",${REPOSITORY_ROOT}/reports/hsv2_genome_wide_exhaustive/genome_wide_candidates_post_human.csv
US8A,HHV2p06,gene,857,141,141,1.0,18,123,0,0.1276595744680851,0.08229834283843823,164.5274212368728,141,1.0,141,VST-987130218dfffaa4,61.0,0.84891064729205,207.0,475.5,454.0,4.0,1,41,121,1.0,93407.00999999998,,biological evidence not supplied,high,0.5128205128205128,0.39743589743589747,0.4358974358974359,0.6987179487179487,0.5,0.5089743589743589,38.0,48.0,45.0,43.0,"Rank-aggregated computational targetability from within-view percentiles; screened=141, eligible=141, confidence=high. Biological evidence is reported separately and is not added to this score.",${REPOSITORY_ROOT}/reports/hsv2_genome_wide_exhaustive/genome_wide_candidates_post_human.csv
UL28,HHV2p47,gene,5116,740,740,1.0,70,670,0,0.0945945945945946,0.07555316575151166,144.64425332290853,740,1.0,740,VST-5abc068c14b4c8ca,35.0,0.84891064729205,123.0,185.5,142.0,5.0,11,197,665,1.0,10718.45,,biological evidence not supplied,high,0.6666666666666667,0.6923076923076923,0.34615384615384615,0.33333333333333337,0.5,0.5076923076923078,27.0,25.0,52.0,44.0,"Rank-aggregated computational targetability from within-view percentiles; screened=740, eligible=740, confidence=high. Biological evidence is reported separately and is not added to this score.",${REPOSITORY_ROOT}/reports/hsv2_genome_wide_exhaustive/genome_wide_candidates_post_human.csv
UL35,HHV2p40,gene,409,78,78,1.0,14,64,0,0.1794871794871795,0.11003915918925879,190.70904645476773,78,1.0,78,VST-0711102ad2e7e3a0,239.0,0.8464543146718491,364.0,1020.0,968.0,3.0,1,15,64,1.0,212026.96000000002,,biological evidence not supplied,high,0.15384615384615385,0.23076923076923073,0.717948717948718,0.9358974358974359,0.5,0.5076923076923077,67.0,61.0,23.0,45.0,"Rank-aggregated computational targetability from within-view percentiles; screened=78, eligible=78, confidence=high. Biological evidence is reported separately and is not added to this score.",${REPOSITORY_ROOT}/reports/hsv2_genome_wide_exhaustive/genome_wide_candidates_post_human.csv
UL13,HHV2p64,gene,3667,646,646,1.0,71,574,0,0.10990712074303406,0.08805501925285084,176.1658031088083,646,1.0,646,VST-b3c226e1dbf82116,77.0,0.84891064729205,94.0,108.0,101.0,5.0,10,159,572,1.0,7220.49,,biological evidence not supplied,high,0.3782051282051282,0.8012820512820513,0.5,0.33333333333333337,0.5,0.5025641025641026,48.0,16.0,40.0,46.0,"Rank-aggregated computational targetability from within-view percentiles; screened=646, eligible=646, confidence=high. Biological evidence is reported separately and is not added to this score.",${REPOSITORY_ROOT}/reports/hsv2_genome_wide_exhaustive/genome_wide_candidates_post_human.csv
UL17,HHV2p60,gene,3330,543,543,1.0,69,474,0,0.1270718232044199,0.10165432258826974,163.06306306306305,543,1.0,543,VST-54b5914e21a1a192,31.0,0.84891064729205,156.0,270.0,249.0,6.0,11,163,474,1.0,10306.960000000001,,biological evidence not supplied,high,0.7051282051282051,0.5512820512820513,0.641025641025641,0.11538461538461542,0.5,0.5025641025641026,24.0,36.0,29.0,46.0,"Rank-aggregated computational targetability from within-view percentiles; screened=543, eligible=543, confidence=high. Biological evidence is reported separately and is not added to this score.",${REPOSITORY_ROOT}/reports/hsv2_genome_wide_exhaustive/genome_wide_candidates_post_human.csv
UL7,HHV2p69,gene,905,171,171,1.0,26,145,0,0.15204678362573099,0.10592231324615901,188.95027624309392,171,1.0,171,VST-9033bd512722ae70,60.0,0.84891064729205,220.0,497.0,455.0,5.0,2,41,145,1.0,76160.84,,biological evidence not supplied,high,0.5448717948717949,0.3846153846153846,0.6794871794871795,0.33333333333333337,0.5,0.4884615384615385,36.0,49.0,26.0,48.0,"Rank-aggregated computational targetability from within-view percentiles; screened=171, eligible=171, confidence=high. Biological evidence is reported separately and is not added to this score.",${REPOSITORY_ROOT}/reports/hsv2_genome_wide_exhaustive/genome_wide_candidates_post_human.csv
UL40,HHV2p35,gene,1054,185,185,1.0,20,165,0,0.10810810810810811,0.07108044191598797,175.52182163187854,185,1.0,185,VST-875bb8d78fabbed1,56.0,0.84891064729205,257.0,555.0,538.0,4.0,3,54,162,1.0,41659.810000000005,,biological evidence not supplied,high,0.5641025641025641,0.34615384615384615,0.3076923076923077,0.6987179487179487,0.5,0.4833333333333334,35.0,52.0,55.0,49.0,"Rank-aggregated computational targetability from within-view percentiles; screened=185, eligible=185, confidence=high. Biological evidence is reported separately and is not added to this score.",${REPOSITORY_ROOT}/reports/hsv2_genome_wide_exhaustive/genome_wide_candidates_post_human.csv
US10,HHV2p02,gene,1418,258,258,1.0,23,235,0,0.08914728682170543,0.060137579207471405,181.94640338504936,258,1.0,258,VST-3163b78bf7ee1dc5,17.0,0.84891064729205,108.0,140.5,127.0,6.0,1,88,230,1.0,82465.69,,biological evidence not supplied,high,0.782051282051282,0.7564102564102564,0.15384615384615385,0.11538461538461542,0.5,0.4615384615384615,18.0,20.0,67.0,50.0,"Rank-aggregated computational targetability from within-view percentiles; screened=258, eligible=258, confidence=high. Biological evidence is reported separately and is not added to this score.",${REPOSITORY_ROOT}/reports/hsv2_genome_wide_exhaustive/genome_wide_candidates_post_human.csv
UL55,HHV2p19,gene,605,106,106,1.0,14,92,0,0.1320754716981132,0.08033205324120549,175.20661157024793,106,1.0,106,VST-e0a21202a289e74a,89.0,0.84891064729205,254.0,624.5,580.0,4.0,1,22,92,1.0,144671.63999999998,,biological evidence not supplied,high,0.33333333333333337,0.3589743589743589,0.41025641025641024,0.6987179487179487,0.5,0.46025641025641023,53.0,51.0,47.0,51.0,"Rank-aggregated computational targetability from within-view percentiles; screened=106, eligible=106, confidence=high. Biological evidence is reported separately and is not added to this score.",${REPOSITORY_ROOT}/reports/hsv2_genome_wide_exhaustive/genome_wide_candidates_post_human.csv
UL37,HHV2p38,gene,3373,637,637,1.0,48,589,0,0.07535321821036106,0.057304062250132994,188.8526534242514,637,1.0,637,VST-24ba0576a5c2acb0,13.0,0.84891064729205,194.0,224.5,217.0,5.0,14,184,586,1.0,20779.05,,biological evidence not supplied,high,0.858974358974359,0.4487179487179487,0.10256410256410253,0.33333333333333337,0.5,0.44871794871794873,12.0,44.0,71.0,52.0,"Rank-aggregated computational targetability from within-view percentiles; screened=637, eligible=637, confidence=high. Biological evidence is reported separately and is not added to this score.",${REPOSITORY_ROOT}/reports/hsv2_genome_wide_exhaustive/genome_wide_candidates_post_human.csv
RL1,HHV2p77,gene,1304,91,91,1.0,17,74,0,0.18681318681318682,0.12003755149503505,69.78527607361963,91,1.0,91,VST-1a25404acae9fb26,1815.0,0.7739106472920501,1824.0,1886.5,1878.0,4.0,0,27,74,1.0,5460.24,,biological evidence not supplied,high,0.07051282051282048,0.07051282051282048,0.8461538461538461,0.6987179487179487,0.5,0.4371794871794871,73.0,73.0,13.0,53.0,"Rank-aggregated computational targetability from within-view percentiles; screened=91, eligible=91, confidence=high. Biological evidence is reported separately and is not added to this score.",${REPOSITORY_ROOT}/reports/hsv2_genome_wide_exhaustive/genome_wide_candidates_post_human.csv
UL45,HHV2p30,gene,650,103,103,1.0,14,89,0,0.13592233009708737,0.0827242599534708,158.46153846153845,103,1.0,103,VST-a7a1eb35bf0e0f4b,124.0,0.8478212945841,351.0,1258.0,1252.0,4.0,2,18,89,1.0,295534.44000000006,,biological evidence not supplied,high,0.23717948717948723,0.2564102564102564,0.4487179487179487,0.6987179487179487,0.5,0.4282051282051282,60.0,59.0,44.0,54.0,"Rank-aggregated computational targetability from within-view percentiles; screened=103, eligible=103, confidence=high. Biological evidence is reported separately and is not added to this score.",${REPOSITORY_ROOT}/reports/hsv2_genome_wide_exhaustive/genome_wide_candidates_post_human.csv
UL38,HHV2p37,gene,1523,224,224,1.0,24,200,0,0.10714285714285714,0.07306298866225625,147.07813525935654,224,1.0,224,VST-3c84536b3d271dc5,107.0,0.8478212945841,262.0,706.0,557.0,4.0,2,51,200,1.0,124163.23999999999,,biological evidence not supplied,high,0.28205128205128205,0.33333333333333337,0.3205128205128205,0.6987179487179487,0.5,0.4269230769230769,57.0,53.0,54.0,55.0,"Rank-aggregated computational targetability from within-view percentiles; screened=224, eligible=224, confidence=high. Biological evidence is reported separately and is not added to this score.",${REPOSITORY_ROOT}/reports/hsv2_genome_wide_exhaustive/genome_wide_candidates_post_human.csv
UL26.5,HHV2p49,gene,1047,188,188,1.0,26,162,0,0.13829787234042554,0.09615678927025986,179.5606494746896,188,1.0,188,VST-9b2fe3f28849fe07,63.0,0.84891064729205,247.0,715.5,667.0,5.5,4,53,162,1.0,153882.01,,biological evidence not supplied,high,0.4551282051282052,0.3717948717948718,0.5769230769230769,0.17307692307692313,0.5,0.41538461538461535,42.0,50.0,34.0,56.0,"Rank-aggregated computational targetability from within-view percentiles; screened=188, eligible=188, confidence=high. Biological evidence is reported separately and is not added to this score.",${REPOSITORY_ROOT}/reports/hsv2_genome_wide_exhaustive/genome_wide_candidates_post_human.csv
RL1,HHV2p16,gene,1304,93,93,1.0,17,76,0,0.1827956989247312,0.1173789608545508,71.31901840490798,93,1.0,93,VST-82d72795f644870b,1822.0,0.7739106472920501,1825.0,1886.0,1876.0,4.0,0,26,76,1.0,5319.85,,biological evidence not supplied,high,0.012820512820512775,0.05128205128205132,0.8076923076923077,0.6987179487179487,0.5,0.4141025641025641,78.0,75.0,16.0,57.0,"Rank-aggregated computational targetability from within-view percentiles; screened=93, eligible=93, confidence=high. Biological evidence is reported separately and is not added to this score.",${REPOSITORY_ROOT}/reports/hsv2_genome_wide_exhaustive/genome_wide_candidates_post_human.csv
UL23,HHV2p53,gene,1195,209,209,1.0,20,188,0,0.09569377990430622,0.06280260948443428,174.89539748953973,209,1.0,209,VST-fd50f49d1629b504,97.0,0.84891064729205,116.0,198.0,180.0,5.0,3,54,187,1.0,20624.2,,biological evidence not supplied,high,0.3205128205128205,0.717948717948718,0.16666666666666663,0.33333333333333337,0.5,0.4076923076923077,54.0,23.0,66.0,58.0,"Rank-aggregated computational targetability from within-view percentiles; screened=209, eligible=209, confidence=high. Biological evidence is reported separately and is not added to this score.",${REPOSITORY_ROOT}/reports/hsv2_genome_wide_exhaustive/genome_wide_candidates_post_human.csv
US1,HHV2p14,gene,1289,180,180,1.0,20,160,0,0.1111111111111111,0.07308754224863465,139.6431342125679,180,1.0,180,VST-0eb0fef19fb7cc0c,147.0,0.846915388633402,329.0,770.0,753.0,4.0,1,40,160,1.0,133402.81,,biological evidence not supplied,high,0.20512820512820518,0.2692307692307693,0.33333333333333337,0.6987179487179487,0.5,0.4012820512820513,63.0,58.0,53.0,59.0,"Rank-aggregated computational targetability from within-view percentiles; screened=180, eligible=180, confidence=high. Biological evidence is reported separately and is not added to this score.",${REPOSITORY_ROOT}/reports/hsv2_genome_wide_exhaustive/genome_wide_candidates_post_human.csv
UL2,HHV2p74,gene,1051,173,173,1.0,23,150,0,0.1329479768786127,0.09024980717837855,164.60513796384396,173,1.0,173,VST-46934db01db99217,344.0,0.8455484087211509,552.0,613.0,606.0,4.0,4,33,150,1.0,23945.21,,biological evidence not supplied,high,0.13461538461538458,0.14102564102564108,0.5256410256410257,0.6987179487179487,0.5,0.4,68.0,68.0,38.0,60.0,"Rank-aggregated computational targetability from within-view percentiles; screened=173, eligible=173, confidence=high. Biological evidence is reported separately and is not added to this score.",${REPOSITORY_ROOT}/reports/hsv2_genome_wide_exhaustive/genome_wide_candidates_post_human.csv
UL31,HHV2p43,gene,1000,167,167,1.0,18,149,0,0.10778443113772455,0.0692734688851998,167.0,167,1.0,167,VST-1614cebe9524b7f1,100.0,0.8478212945841,473.0,965.0,925.0,4.0,4,44,148,1.0,169375.85,,biological evidence not supplied,high,0.3012820512820513,0.17948717948717952,0.2692307692307693,0.6987179487179487,0.5,0.3897435897435898,55.0,65.0,58.0,61.0,"Rank-aggregated computational targetability from within-view percentiles; screened=167, eligible=167, confidence=high. Biological evidence is reported separately and is not added to this score.",${REPOSITORY_ROOT}/reports/hsv2_genome_wide_exhaustive/genome_wide_candidates_post_human.csv
UL54,HHV2p20,gene,1550,288,288,1.0,25,263,0,0.08680555555555555,0.05948764452792241,185.80645161290323,288,1.0,288,VST-74d3b26f9485c990,47.0,0.84891064729205,306.0,470.0,452.0,5.0,4,62,263,1.0,99985.16,,biological evidence not supplied,high,0.6153846153846154,0.2948717948717948,0.14102564102564108,0.33333333333333337,0.5,0.3769230769230769,31.0,56.0,68.0,62.0,"Rank-aggregated computational targetability from within-view percentiles; screened=288, eligible=288, confidence=high. Biological evidence is reported separately and is not added to this score.",${REPOSITORY_ROOT}/reports/hsv2_genome_wide_exhaustive/genome_wide_candidates_post_human.csv
US7,HHV2p08,gene,1190,213,213,1.0,25,188,0,0.11737089201877934,0.08077672149795292,178.99159663865547,213,1.0,213,VST-b6946efa81f0316a,129.0,0.8478212945841,270.0,641.5,634.0,5.0,4,51,187,1.0,91374.01,,biological evidence not supplied,high,0.21794871794871795,0.3205128205128205,0.42307692307692313,0.33333333333333337,0.5,0.358974358974359,62.0,54.0,46.0,63.0,"Rank-aggregated computational targetability from within-view percentiles; screened=213, eligible=213, confidence=high. Biological evidence is reported separately and is not added to this score.",${REPOSITORY_ROOT}/reports/hsv2_genome_wide_exhaustive/genome_wide_candidates_post_human.csv
UL8,HHV2p67,gene,2273,335,335,1.0,28,306,0,0.08358208955223881,0.05845909868237785,147.3823141223053,335,1.0,335,VST-2c252939df26b41d,15.0,0.84891064729205,361.0,468.5,402.0,7.0,9,112,306,1.0,93977.63999999998,,biological evidence not supplied,high,0.8269230769230769,0.2435897435897436,0.1282051282051282,0.05769230769230771,0.5,0.35128205128205126,14.0,60.0,69.0,64.0,"Rank-aggregated computational targetability from within-view percentiles; screened=335, eligible=335, confidence=high. Biological evidence is reported separately and is not added to this score.",${REPOSITORY_ROOT}/reports/hsv2_genome_wide_exhaustive/genome_wide_candidates_post_human.csv
UL1,HHV2p75,gene,1598,257,257,1.0,25,232,0,0.09727626459143969,0.06675971051382712,160.82603254067584,257,1.0,257,VST-46934db01db99217,344.0,0.8455484087211509,516.0,590.5,575.0,4.0,7,53,232,1.0,10391.360000000002,,biological evidence not supplied,high,0.13461538461538458,0.16666666666666663,0.21794871794871795,0.6987179487179487,0.5,0.3435897435897436,68.0,66.0,62.0,65.0,"Rank-aggregated computational targetability from within-view percentiles; screened=257, eligible=257, confidence=high. Biological evidence is reported separately and is not added to this score.",${REPOSITORY_ROOT}/reports/hsv2_genome_wide_exhaustive/genome_wide_candidates_post_human.csv
US4,HHV2p11,gene,2178,379,379,1.0,34,345,0,0.08970976253298153,0.06490692232066687,174.01285583103765,379,1.0,379,VST-597a5cd0a9e8ee69,33.0,0.84891064729205,378.0,454.5,442.0,6.0,5,127,342,1.0,85600.25,,biological evidence not supplied,high,0.6858974358974359,0.21794871794871795,0.1923076923076923,0.11538461538461542,0.5,0.3423076923076923,25.0,62.0,64.0,66.0,"Rank-aggregated computational targetability from within-view percentiles; screened=379, eligible=379, confidence=high. Biological evidence is reported separately and is not added to this score.",${REPOSITORY_ROOT}/reports/hsv2_genome_wide_exhaustive/genome_wide_candidates_post_human.csv
UL56,HHV2p18,gene,739,133,133,1.0,12,121,0,0.09022556390977443,0.05236654057337976,179.97293640054127,133,1.0,133,VST-7de12e0ca3ba269a,52.0,0.84891064729205,410.0,1300.0,1299.0,5.0,2,38,120,1.0,424007.69000000006,,biological evidence not supplied,high,0.5897435897435898,0.20512820512820518,0.07692307692307687,0.33333333333333337,0.5,0.34102564102564104,33.0,63.0,73.0,67.0,"Rank-aggregated computational targetability from within-view percentiles; screened=133, eligible=133, confidence=high. Biological evidence is reported separately and is not added to this score.",${REPOSITORY_ROOT}/reports/hsv2_genome_wide_exhaustive/genome_wide_candidates_post_human.csv
UL43,HHV2p32,gene,1262,220,220,1.0,21,198,0,0.09545454545454546,0.06328224801345717,174.32646592709983,220,1.0,220,VST-dbd17f1838aab588,87.0,0.84891064729205,282.0,504.5,502.0,5.0,7,56,199,1.0,35121.96,,biological evidence not supplied,high,0.34615384615384615,0.3076923076923077,0.17948717948717952,0.33333333333333337,0.5,0.33333333333333337,52.0,55.0,65.0,68.0,"Rank-aggregated computational targetability from within-view percentiles; screened=220, eligible=220, confidence=high. Biological evidence is reported separately and is not added to this score.",${REPOSITORY_ROOT}/reports/hsv2_genome_wide_exhaustive/genome_wide_candidates_post_human.csv
US12,HHV2p04,gene,916,171,171,1.0,12,159,0,0.07017543859649122,0.04059587411660809,186.6812227074236,171,1.0,171,VST-3f4aa95a6b499939,108.0,0.8478212945841,206.0,954.0,915.0,5.0,1,58,154,1.0,408013.43999999994,,biological evidence not supplied,high,0.2628205128205128,0.41666666666666663,0.038461538461538436,0.33333333333333337,0.5,0.3102564102564102,58.0,46.0,76.0,69.0,"Rank-aggregated computational targetability from within-view percentiles; screened=171, eligible=171, confidence=high. Biological evidence is reported separately and is not added to this score.",${REPOSITORY_ROOT}/reports/hsv2_genome_wide_exhaustive/genome_wide_candidates_post_human.csv
UL32,HHV2p44,gene,2789,432,432,1.0,40,392,0,0.09259259259259259,0.06873475349137673,154.89422732162063,432,1.0,432,VST-1614cebe9524b7f1,100.0,0.8478212945841,460.0,566.5,550.0,5.5,5,119,390,1.0,78841.4,,biological evidence not supplied,high,0.3012820512820513,0.1923076923076923,0.2564102564102564,0.17307692307692313,0.5,0.2846153846153846,55.0,64.0,59.0,70.0,"Rank-aggregated computational targetability from within-view percentiles; screened=432, eligible=432, confidence=high. Biological evidence is reported separately and is not added to this score.",${REPOSITORY_ROOT}/reports/hsv2_genome_wide_exhaustive/genome_wide_candidates_post_human.csv
US11,HHV2p03,gene,1082,210,210,1.0,13,197,0,0.06190476190476191,0.03653085826362613,194.08502772643251,210,1.0,210,VST-3f4aa95a6b499939,108.0,0.8478212945841,206.0,954.0,915.0,6.0,1,73,192,1.0,338180.75999999995,,biological evidence not supplied,high,0.2628205128205128,0.41666666666666663,0.02564102564102566,0.11538461538461542,0.5,0.2641025641025641,58.0,46.0,77.0,71.0,"Rank-aggregated computational targetability from within-view percentiles; screened=210, eligible=210, confidence=high. Biological evidence is reported separately and is not added to this score.",${REPOSITORY_ROOT}/reports/hsv2_genome_wide_exhaustive/genome_wide_candidates_post_human.csv
RS1,HHV2p01,gene,4076,376,376,1.0,35,339,0,0.09308510638297872,0.06769266168168192,92.24730127576056,376,1.0,376,VST-15399711ed2c7aff,1814.0,0.7739106472920501,1845.0,1868.0,1856.0,5.0,6,105,341,1.0,1506.29,,biological evidence not supplied,high,0.08974358974358976,0.02564102564102566,0.2435897435897436,0.33333333333333337,0.5,0.2384615384615385,72.0,77.0,60.0,72.0,"Rank-aggregated computational targetability from within-view percentiles; screened=376, eligible=376, confidence=high. Biological evidence is reported separately and is not added to this score.",${REPOSITORY_ROOT}/reports/hsv2_genome_wide_exhaustive/genome_wide_candidates_post_human.csv
RS1,HHV2p15,gene,4076,377,377,1.0,35,340,0,0.09283819628647215,0.06751102836742012,92.49263984298332,377,1.0,377,VST-22f12f5572287adc,1816.0,0.7739106472920501,1844.0,1875.0,1864.0,5.0,6,106,342,1.0,1369.8899999999999,,biological evidence not supplied,high,0.05128205128205132,0.038461538461538436,0.23076923076923073,0.33333333333333337,0.5,0.23076923076923075,75.0,76.0,61.0,73.0,"Rank-aggregated computational targetability from within-view percentiles; screened=377, eligible=377, confidence=high. Biological evidence is reported separately and is not added to this score.",${REPOSITORY_ROOT}/reports/hsv2_genome_wide_exhaustive/genome_wide_candidates_post_human.csv
UL16,HHV2p59,gene,1120,201,201,1.0,20,181,0,0.09950248756218906,0.06533892623243026,179.4642857142857,201,1.0,201,VST-3f9425049d24ed26,487.0,0.8444590560132009,628.0,842.5,681.0,7.0,5,69,181,1.0,94174.84,,biological evidence not supplied,high,0.11538461538461542,0.1282051282051282,0.20512820512820518,0.05769230769230771,0.5,0.2012820512820513,70.0,69.0,63.0,74.0,"Rank-aggregated computational targetability from within-view percentiles; screened=201, eligible=201, confidence=high. Biological evidence is reported separately and is not added to this score.",${REPOSITORY_ROOT}/reports/hsv2_genome_wide_exhaustive/genome_wide_candidates_post_human.csv
UL51,HHV2p23,gene,760,161,161,1.0,12,149,0,0.07453416149068323,0.04314801783359526,211.8421052631579,161,1.0,161,VST-a1cb584bc91c1c36,708.0,0.842777627204301,1116.0,1629.0,1569.0,6.0,8,48,146,1.0,238011.28999999998,,biological evidence not supplied,high,0.10256410256410253,0.10256410256410253,0.05128205128205132,0.11538461538461542,0.5,0.17435897435897435,71.0,71.0,75.0,75.0,"Rank-aggregated computational targetability from within-view percentiles; screened=161, eligible=161, confidence=high. Biological evidence is reported separately and is not added to this score.",${REPOSITORY_ROOT}/reports/hsv2_genome_wide_exhaustive/genome_wide_candidates_post_human.csv
LAT,HHV2s01,gene,7814,858,858,1.0,63,795,0,0.07342657342657342,0.0578103373282693,109.80291783977476,858,1.0,858,VST-1a25404acae9fb26,1815.0,0.7739106472920501,1824.0,1842.0,1836.0,8.0,41,340,792,1.0,382.80999999999995,,biological evidence not supplied,high,0.07051282051282048,0.07051282051282048,0.11538461538461542,0.03205128205128205,0.5,0.1576923076923077,73.0,73.0,70.0,76.0,"Rank-aggregated computational targetability from within-view percentiles; screened=858, eligible=858, confidence=high. Biological evidence is reported separately and is not added to this score.",${REPOSITORY_ROOT}/reports/hsv2_genome_wide_exhaustive/genome_wide_candidates_post_human.csv
LAT,HHV2s02,gene,8485,927,927,1.0,66,860,0,0.07119741100323625,0.05635273977904254,109.25162050677667,927,1.0,927,VST-7d9e9bf5c85b91ae,1820.0,0.7739106472920501,1823.0,1844.5,1840.0,8.0,48,365,859,1.0,376.03999999999996,,biological evidence not supplied,high,0.03205128205128205,0.08974358974358976,0.08974358974358976,0.03205128205128205,0.5,0.14871794871794872,76.0,72.0,72.0,77.0,"Rank-aggregated computational targetability from within-view percentiles; screened=927, eligible=927, confidence=high. Biological evidence is reported separately and is not added to this score.",${REPOSITORY_ROOT}/reports/hsv2_genome_wide_exhaustive/genome_wide_candidates_post_human.csv
RL2,HHV2p17,gene,3341,443,443,1.0,21,422,0,0.04740406320541761,0.031211427432248293,132.59503142771624,443,1.0,443,VST-7d9e9bf5c85b91ae,1820.0,0.7739106472920501,1849.0,1865.5,1859.0,9.0,17,183,421,1.0,945.2399999999998,,biological evidence not supplied,high,0.03205128205128205,0.0,0.0,0.0064102564102563875,0.5,0.10769230769230768,76.0,79.0,79.0,78.0,"Rank-aggregated computational targetability from within-view percentiles; screened=443, eligible=443, confidence=high. Biological evidence is reported separately and is not added to this score.",${REPOSITORY_ROOT}/reports/hsv2_genome_wide_exhaustive/genome_wide_candidates_post_human.csv
RL2,HHV2p76,gene,3341,442,442,1.0,21,421,0,0.04751131221719457,0.0312825143205055,132.29571984435796,442,1.0,442,VST-e0a60ef4cb61b347,1829.0,0.7739106472920501,1848.0,1864.5,1861.0,9.0,17,182,420,1.0,777.6899999999999,,biological evidence not supplied,high,0.0,0.012820512820512775,0.012820512820512775,0.0064102564102563875,0.5,0.10641025641025639,79.0,78.0,78.0,79.0,"Rank-aggregated computational targetability from within-view percentiles; screened=442, eligible=442, confidence=high. Biological evidence is reported separately and is not added to this score.",${REPOSITORY_ROOT}/reports/hsv2_genome_wide_exhaustive/genome_wide_candidates_post_human.csv
